Cluster,W,B,Structure_ID,Pathway_ID,N_images,TS_image,E_IS (eV),E_FS (eV),E_TS (eV),E_act_fwd (eV),E_act_rev (eV),Delta_E (eV),Transferred_H,Initial_NH3_W_anchor,Final_H_anchor,Final_anchor_element,Final_anchor_rank_initial_excluding_binding_W,Transferred_H_is_closest_H_to_final_anchor_initially,d_H_anchor_initial (A),d_H_anchor_final (A),d_bindingW_anchor_initial (A),Trajectory_file
W_01_B_09,1,9,0,0,10,3,-78.921000,-80.480854,-77.521118,1.399882,2.959737,-1.559854,H3,W1,B8,B,3,yes,4.163633,1.195510,2.194093,W_01_B_09_0_0_movie_contcar.xyz
W_01_B_16,1,16,0,0,10,4,-121.640000,-122.741736,-119.733954,1.906046,3.007782,-1.101736,H2,W1,B11,B,2,yes,2.711757,1.194005,2.245793,W_01_B_16_0_0_movie_contcar.xyz
W_01_B_18,1,18,0,0,10,4,-135.134000,-134.914654,-133.299127,1.834873,1.615527,0.219346,H2,W1,B4,B,3,yes,2.751458,1.214298,2.391238,W_01_B_18_0_0_movie_contcar.xyz
W_02_B_06,2,6,1,0,10,3,-71.139000,-72.159823,-69.368170,1.770830,2.791653,-1.020823,H2,W2,B1,B,1,yes,4.242515,1.207440,2.078756,W_02_B_06_1_0_movie_contcar.xyz
W_02_B_08,2,8,0,0,10,3,-83.533000,-83.911727,-81.924564,1.608436,1.987164,-0.378727,H3,W1,B1,B,4,no,4.434688,1.211121,2.357652,W_02_B_08_0_0_movie_contcar.xyz
W_02_B_16,2,16,0,0,10,4,-133.898000,-132.099135,-130.881200,3.016800,1.217935,1.798865,H3,W1,B10,B,3,yes,3.102029,1.197585,2.257530,W_02_B_16_0_0_movie_contcar.xyz
W_03_B_12,3,12,0,0,10,4,-121.327000,-121.374769,-119.878429,1.448571,1.496340,-0.047769,H3,W1,B7,B,2,yes,3.512951,1.204213,2.231381,W_03_B_12_0_0_movie_contcar.xyz
W_07_B_20,7,20,1,0,10,4,-217.665000,-217.295497,-215.930174,1.734826,1.365323,0.369503,H3,W3,B10,B,1,no,3.232806,1.203339,2.317431,W_07_B_20_1_0_movie_contcar.xyz
W_08_B_10,8,10,0,0,10,3,-163.008000,-163.984420,-161.780719,1.227281,2.203702,-0.976420,H2,W1,B3,B,1,no,3.960409,1.210101,2.058303,W_08_B_10_0_0_movie_contcar.xyz
W_08_B_10,8,10,1,0,10,3,-162.993000,-163.742423,-161.621643,1.371357,2.120780,-0.749423,H1,W2,B9,B,2,yes,4.009136,1.272694,2.060727,W_08_B_10_1_0_movie_contcar.xyz
W_08_B_10,8,10,1,1,10,3,-162.993000,-163.742423,-162.005404,0.987596,1.737019,-0.749423,H3,W2,B9,B,2,no,4.142171,1.272694,2.060727,W_08_B_10_1_1_movie_contcar.xyz
W_08_B_10,8,10,2,0,10,4,-162.690000,-162.904433,-161.723811,0.966189,1.180622,-0.214433,H2,W5,B10,B,1,yes,3.170357,1.281477,2.277436,W_08_B_10_2_0_movie_contcar.xyz
W_08_B_10,8,10,2,1,10,4,-162.690000,-163.361631,-161.446711,1.243289,1.914919,-0.671631,H3,W5,B6,B,2,yes,3.123553,1.228174,2.285751,W_08_B_10_2_1_movie_contcar.xyz
W_08_B_10,8,10,2,2,10,3,-162.690000,-163.194419,-161.377915,1.312085,1.816504,-0.504419,H3,W5,B1,B,1,yes,2.934368,1.222108,2.310360,W_08_B_10_2_2_movie_contcar.xyz
W_08_B_10,8,10,3,0,10,3,-162.679000,-163.361195,-161.277423,1.401577,2.083772,-0.682195,H3,W6,B2,B,1,yes,3.171702,1.222112,2.270533,W_08_B_10_3_0_movie_contcar.xyz
W_09_B_09,9,9,0,0,10,3,-166.440000,-167.301394,-165.263845,1.176155,2.037549,-0.861394,H1,W1,B5,B,2,no,4.262689,1.212953,2.094870,W_09_B_09_0_0_movie_contcar.xyz
W_09_B_09,9,9,1,0,10,5,-166.540000,-167.284038,-165.518550,1.021450,1.765488,-0.744038,H3,W2,B1,B,2,no,3.924011,1.235983,2.059483,W_09_B_09_1_0_movie_contcar.xyz
W_09_B_09,9,9,4,0,10,3,-166.260000,-167.259662,-165.519741,0.740259,1.739922,-0.999662,H3,W9,B6,B,1,no,4.462860,1.227175,2.077029,W_09_B_09_4_0_movie_contcar.xyz
W_09_B_09,9,9,5,0,10,3,-166.170000,-166.148259,-164.755021,1.414979,1.393238,0.021741,H1,W5,B3,B,2,no,3.404458,1.277712,2.345571,W_09_B_09_5_0_movie_contcar.xyz
W_09_B_09,9,9,5,1,10,3,-166.170000,-166.148259,-164.808965,1.361035,1.339294,0.021741,H3,W5,B3,B,1,yes,3.019089,1.277712,2.345571,W_09_B_09_5_1_movie_contcar.xyz
W_09_B_09,9,9,6,0,10,5,-166.110000,-166.417739,-164.938518,1.171482,1.479221,-0.307739,H2,W6,B8,B,3,yes,3.671953,1.297649,2.278971,W_09_B_09_6_0_movie_contcar.xyz
W_09_B_20,9,20,0,0,10,3,-239.190000,-239.493570,-237.850711,1.339289,1.642858,-0.303570,H3,W1,B2,B,1,yes,3.751529,1.234449,2.201645,W_09_B_20_0_0_movie_contcar.xyz
W_09_B_20,9,20,0,1,10,3,-239.190000,-239.805171,-237.864794,1.325206,1.940377,-0.615171,H2,W1,B4,B,1,yes,4.066928,1.232380,2.228159,W_09_B_20_0_1_movie_contcar.xyz
W_09_B_20,9,20,1,0,10,3,-239.262000,-240.033241,-237.784122,1.477878,2.249118,-0.771241,H3,W2,B6,B,1,yes,3.752691,1.216846,2.196379,W_09_B_20_1_0_movie_contcar.xyz
W_09_B_20,9,20,2,0,10,3,-239.184000,-239.801561,-237.459952,1.724048,2.341609,-0.617561,H3,W3,B9,B,1,no,4.280846,1.223685,2.188908,W_09_B_20_2_0_movie_contcar.xyz
W_09_B_20,9,20,2,1,10,3,-239.184000,-239.832361,-238.236534,0.947466,1.595828,-0.648361,H3,W3,B8,B,2,yes,4.403510,1.228132,2.200351,W_09_B_20_2_1_movie_contcar.xyz
W_09_B_20,9,20,2,2,10,3,-239.184000,-240.129147,-238.127030,1.056970,2.002117,-0.945147,H2,W3,B1,B,1,yes,3.544169,1.221272,2.242475,W_09_B_20_2_2_movie_contcar.xyz
W_09_B_20,9,20,4,0,10,3,-239.145000,-239.458709,-237.585879,1.559121,1.872830,-0.313709,H2,W5,B1,B,2,yes,3.532672,1.220635,2.208427,W_09_B_20_4_0_movie_contcar.xyz
W_09_B_20,9,20,4,1,10,4,-239.145000,-239.213846,-237.662997,1.482003,1.550849,-0.068846,H3,W5,B18,B,1,yes,3.809801,1.220862,2.214302,W_09_B_20_4_1_movie_contcar.xyz
W_09_B_20,9,20,4,2,10,4,-239.145000,-239.859639,-237.699878,1.445122,2.159761,-0.714639,H3,W5,B15,B,2,yes,3.824138,1.213425,2.225011,W_09_B_20_4_2_movie_contcar.xyz
W_09_B_20,9,20,5,0,10,4,-239.057000,-239.358403,-237.316815,1.740185,2.041589,-0.301403,H2,W6,B10,B,4,no,4.145663,1.212569,2.253745,W_09_B_20_5_0_movie_contcar.xyz
W_09_B_20,9,20,7,0,10,2,-238.866000,-239.581818,-237.928749,0.937251,1.653068,-0.715818,H2,W8,B15,B,1,yes,4.127602,1.218798,2.180726,W_09_B_20_7_0_movie_contcar.xyz
W_09_B_22,9,22,0,0,10,4,-252.387000,-252.692494,-251.275227,1.111773,1.417268,-0.305494,H3,W1,B21,B,2,yes,3.380661,1.210737,2.192995,W_09_B_22_0_0_movie_contcar.xyz
W_09_B_22,9,22,3,0,10,4,-252.384000,-253.071656,-251.170351,1.213649,1.901305,-0.687656,H3,W4,B4,B,2,no,3.802198,1.205355,2.140293,W_09_B_22_3_0_movie_contcar.xyz
W_09_B_22,9,22,4,0,10,3,-252.428000,-253.522887,-251.502594,0.925406,2.020293,-1.094887,H2,W6,B11,B,1,yes,3.572121,1.219206,2.116157,W_09_B_22_4_0_movie_contcar.xyz
W_09_B_22,9,22,5,0,10,4,-252.297000,-252.782459,-250.692620,1.604380,2.089839,-0.485459,H1,W7,B22,B,1,yes,3.795048,1.215904,2.183006,W_09_B_22_5_0_movie_contcar.xyz
W_10_B_21,10,21,1,0,10,3,-257.271000,-257.800018,-255.923274,1.347726,1.876744,-0.529018,H1,W3,B19,B,3,yes,4.133749,1.279272,2.286315,W_10_B_21_1_0_movie_contcar.xyz
W_10_B_21,10,21,2,0,10,4,-257.390000,-258.066734,-255.819348,1.570652,2.247386,-0.676734,H2,W4,B13,B,3,no,3.841659,1.208809,2.217916,W_10_B_21_2_0_movie_contcar.xyz
W_10_B_21,10,21,4,0,10,3,-257.596000,-258.633394,-256.559838,1.036162,2.073556,-1.037394,H3,W8,B2,B,1,yes,3.424038,1.212420,2.115347,W_10_B_21_4_0_movie_contcar.xyz
W_11_B_22,11,22,0,0,10,3,-276.329000,-276.371558,-274.502378,1.826622,1.869180,-0.042558,H1,W2,B13,B,1,yes,3.653391,1.230013,2.260351,W_11_B_22_0_0_movie_contcar.xyz
W_11_B_22,11,22,1,0,10,5,-276.439000,-276.860521,-275.363396,1.075604,1.497125,-0.421521,H3,W3,B8,B,3,no,3.862939,1.210555,2.150808,W_11_B_22_1_0_movie_contcar.xyz
W_14_B_19,14,19,3,0,10,4,-288.652000,-288.890430,-287.397066,1.254934,1.493363,-0.238430,H3,W5,B9,B,2,yes,3.461279,1.227363,2.257240,W_14_B_19_3_0_movie_contcar.xyz
W_14_B_19,14,19,3,1,10,3,-288.652000,-289.104984,-287.747001,0.904999,1.357983,-0.452984,H3,W5,B10,B,1,yes,3.308934,1.220016,2.261028,W_14_B_19_3_1_movie_contcar.xyz
W_14_B_19,14,19,4,0,10,4,-288.653000,-288.993251,-287.249253,1.403747,1.743998,-0.340251,H3,W6,B18,B,1,yes,3.709818,1.372771,2.107064,W_14_B_19_4_0_movie_contcar.xyz
W_14_B_19,14,19,5,1,10,4,-288.589000,-288.588039,-287.052374,1.536626,1.535665,0.000961,H2,W7,B12,B,2,yes,3.475449,1.223236,2.284082,W_14_B_19_5_1_movie_contcar.xyz
W_16_B_19,16,19,0,0,10,3,-311.694000,-312.242006,-310.959869,0.734131,1.282136,-0.548006,H2,W2,B7,B,1,yes,3.326767,1.328230,2.176118,W_16_B_19_0_0_movie_contcar.xyz
W_16_B_19,16,19,2,0,10,4,-311.773000,-312.216277,-310.776525,0.996475,1.439752,-0.443277,H1,W4,B18,B,1,yes,3.430411,1.321854,2.155086,W_16_B_19_2_0_movie_contcar.xyz
W_16_B_19,16,19,5,0,10,3,-311.705000,-312.248533,-311.009157,0.695843,1.239375,-0.543533,H2,W7,B9,B,1,yes,3.527809,1.341081,2.173731,W_16_B_19_5_0_movie_contcar.xyz
W_16_B_19,16,19,5,1,10,4,-311.705000,-312.156953,-310.391143,1.313857,1.765810,-0.451953,H1,W7,B17,B,1,yes,3.437541,1.312412,2.235645,W_16_B_19_5_1_movie_contcar.xyz
W_16_B_19,16,19,5,2,10,3,-311.705000,-311.603457,-310.174991,1.530009,1.428466,0.101543,H3,W7,B3,B,1,yes,3.303902,1.357952,2.301881,W_16_B_19_5_2_movie_contcar.xyz
W_16_B_19,16,19,5,3,10,4,-311.705000,-311.618732,-310.257197,1.447803,1.361535,0.086268,H3,W7,B4,B,2,yes,3.467147,1.366213,2.312347,W_16_B_19_5_3_movie_contcar.xyz
W_16_B_19,16,19,6,0,10,4,-311.861000,-312.201573,-310.681562,1.179438,1.520011,-0.340573,H3,W9,B1,B,2,yes,4.144723,1.352057,2.191509,W_16_B_19_6_0_movie_contcar.xyz
W_17_B_02,17,2,0,0,10,4,-207.621000,-207.776010,-206.714281,0.906719,1.061729,-0.155010,H2,W1,B1,B,2,yes,3.820269,1.241424,2.265139,W_17_B_02_0_0_movie_contcar.xyz
W_17_B_02,17,2,1,0,10,3,-207.888000,-208.048716,-206.878005,1.009995,1.170711,-0.160716,H1,W2,B2,B,1,yes,4.025791,1.249765,2.238534,W_17_B_02_1_0_movie_contcar.xyz
W_17_B_02,17,2,1,1,10,3,-207.888000,-208.048639,-206.848430,1.039570,1.200209,-0.160639,H2,W2,B1,B,2,yes,4.040200,1.249107,2.238958,W_17_B_02_1_1_movie_contcar.xyz
W_17_B_02,17,2,2,1,10,3,-207.867000,-207.880325,-206.435872,1.431128,1.444453,-0.013325,H3,W3,B1,B,1,yes,4.099253,1.242359,2.260664,W_17_B_02_2_1_movie_contcar.xyz
W_17_B_02,17,2,7,0,10,3,-207.815000,-208.365258,-207.029719,0.785281,1.335539,-0.550258,H3,W9,W7,W,1,yes,4.001428,1.782446,2.348880,W_17_B_02_7_0_movie_contcar.xyz
W_17_B_02,17,2,7,1,10,3,-207.815000,-208.365258,-206.897773,0.917227,1.467485,-0.550258,H1,W9,W7,W,1,no,4.269533,1.782446,2.348880,W_17_B_02_7_1_movie_contcar.xyz
W_17_B_02,17,2,8,0,10,4,-207.525000,-208.022051,-206.044174,1.480826,1.977878,-0.497051,H2,W12,W12,W,0,no,2.877687,1.883475,0.000000,W_17_B_02_8_0_movie_contcar.xyz
W_17_B_14,17,14,1,3,10,4,-290.213000,-290.538811,-289.140838,1.072162,1.397974,-0.325811,H2,W3,B6,B,2,yes,4.119505,1.220145,2.292004,W_17_B_14_1_3_movie_contcar.xyz
W_17_B_14,17,14,4,0,10,2,-290.331000,-291.362078,-289.091485,1.239515,2.270593,-1.031078,H1,W6,W10,W,10,yes,6.266597,1.948130,4.227384,W_17_B_14_4_0_movie_contcar.xyz
W_17_B_14,17,14,5,0,10,4,-290.183000,-290.840970,-288.867221,1.315779,1.973748,-0.657970,H1,W8,B10,B,1,no,3.812732,1.264933,2.194232,W_17_B_14_5_0_movie_contcar.xyz
W_17_B_14,17,14,5,1,10,4,-290.183000,-290.714200,-288.755014,1.427986,1.959186,-0.531200,H3,W8,B8,B,1,yes,3.795522,1.222123,2.216474,W_17_B_14_5_1_movie_contcar.xyz
W_17_B_14,17,14,5,2,10,4,-290.183000,-290.396539,-288.888590,1.294410,1.507949,-0.213539,H3,W8,B11,B,2,yes,4.086632,1.238835,2.283296,W_17_B_14_5_2_movie_contcar.xyz
W_17_B_14,17,14,6,1,10,3,-290.047000,-290.265209,-288.630863,1.416137,1.634346,-0.218209,H1,W9,B8,B,1,yes,3.117160,1.297086,2.321652,W_17_B_14_6_1_movie_contcar.xyz
W_17_B_14,17,14,7,0,10,3,-290.184000,-290.876473,-288.729919,1.454081,2.146555,-0.692473,H3,W10,B7,B,1,yes,4.125840,1.223591,2.236346,W_17_B_14_7_0_movie_contcar.xyz
W_17_B_14,17,14,7,2,10,2,-290.184000,-290.653010,-289.529339,0.654661,1.123671,-0.469010,H1,W10,B4,B,1,yes,4.027229,1.332131,2.293492,W_17_B_14_7_2_movie_contcar.xyz
W_17_B_14,17,14,7,3,10,4,-290.184000,-290.797296,-289.355151,0.828849,1.442145,-0.613296,H3,W10,B8,B,3,no,4.387962,1.235785,2.293995,W_17_B_14_7_3_movie_contcar.xyz
W_17_B_14,17,14,8,0,10,3,-290.092000,-290.916266,-289.203770,0.888230,1.712497,-0.824266,H1,W11,B10,B,1,yes,3.374753,1.294858,2.165613,W_17_B_14_8_0_movie_contcar.xyz
W_17_B_14,17,14,10,0,10,4,-290.079000,-290.243520,-289.060766,1.018234,1.182754,-0.164520,H2,W13,B9,B,1,yes,3.745379,1.277801,2.248053,W_17_B_14_10_0_movie_contcar.xyz
W_17_B_14,17,14,10,1,10,3,-290.079000,-290.381280,-288.817076,1.261924,1.564205,-0.302280,H3,W13,B6,B,1,yes,3.846082,1.221058,2.297508,W_17_B_14_10_1_movie_contcar.xyz
W_17_B_14,17,14,10,2,10,4,-290.079000,-290.267338,-288.505309,1.573691,1.762029,-0.188338,H3,W13,B5,B,2,no,4.029362,1.217611,2.335196,W_17_B_14_10_2_movie_contcar.xyz
W_17_B_14,17,14,12,0,10,3,-290.201000,-291.167949,-289.233754,0.967246,1.934195,-0.966949,H1,W15,B10,B,1,yes,3.420206,1.232829,2.139635,W_17_B_14_12_0_movie_contcar.xyz
W_17_B_14,17,14,12,2,10,4,-290.201000,-290.789186,-288.896684,1.304316,1.892501,-0.588186,H3,W15,B11,B,1,yes,4.075234,1.480066,2.277562,W_17_B_14_12_2_movie_contcar.xyz
W_17_B_14,17,14,13,0,10,3,-290.050000,-290.852490,-288.835955,1.214045,2.016535,-0.802490,H3,W16,B10,B,1,yes,3.477495,1.303297,2.203438,W_17_B_14_13_0_movie_contcar.xyz
W_17_B_14,17,14,14,0,10,3,-290.155000,-290.722754,-289.194575,0.960425,1.528179,-0.567754,H3,W17,B2,B,2,yes,3.880190,1.219255,2.247997,W_17_B_14_14_0_movie_contcar.xyz
W_17_B_17,17,17,0,0,10,4,-309.705000,-309.826780,-307.698751,2.006249,2.128029,-0.121780,H3,W1,B1,B,1,yes,3.253463,1.227661,2.247947,W_17_B_17_0_0_movie_contcar.xyz
W_17_B_17,17,17,0,1,10,4,-309.705000,-309.654482,-308.531465,1.173535,1.123017,0.050518,H1,W1,B5,B,3,no,3.918949,1.227644,2.254485,W_17_B_17_0_1_movie_contcar.xyz
W_17_B_17,17,17,1,0,10,4,-309.275000,-309.263385,-307.554439,1.720561,1.708947,0.011615,H1,W2,B2,B,1,yes,3.385277,1.220507,2.258434,W_17_B_17_1_0_movie_contcar.xyz
W_17_B_17,17,17,2,0,10,3,-309.731000,-310.639173,-308.442624,1.288376,2.196549,-0.908173,H1,W4,B16,B,1,yes,3.721156,1.261621,2.125572,W_17_B_17_2_0_movie_contcar.xyz
W_17_B_17,17,17,2,1,10,3,-309.731000,-310.535332,-308.617402,1.113598,1.917930,-0.804332,H3,W4,B3,B,1,yes,3.645044,1.227351,2.179830,W_17_B_17_2_1_movie_contcar.xyz
W_17_B_17,17,17,3,0,10,4,-309.912000,-309.813133,-308.325880,1.586120,1.487253,0.098867,H3,W5,B1,B,1,yes,3.884630,1.227497,2.231176,W_17_B_17_3_0_movie_contcar.xyz
W_17_B_17,17,17,4,0,10,4,-309.336000,-309.046258,-307.942878,1.393122,1.103380,0.289742,H3,W6,B5,B,2,no,3.592938,1.228603,2.269054,W_17_B_17_4_0_movie_contcar.xyz
W_17_B_17,17,17,4,1,10,4,-309.336000,-309.634629,-308.681318,0.654682,0.953311,-0.298629,H3,W6,B13,B,1,no,3.142486,1.211716,2.274475,W_17_B_17_4_1_movie_contcar.xyz
W_17_B_17,17,17,4,2,10,4,-309.336000,-309.370251,-307.990308,1.345692,1.379942,-0.034251,H2,W6,B6,B,1,yes,2.823071,1.228995,2.291081,W_17_B_17_4_2_movie_contcar.xyz
W_17_B_17,17,17,5,1,10,4,-309.834000,-309.849865,-308.660245,1.173755,1.189621,-0.015865,H3,W8,B14,B,2,no,3.798644,1.220621,2.234480,W_17_B_17_5_1_movie_contcar.xyz
W_17_B_17,17,17,5,2,10,3,-309.834000,-310.446348,-308.842635,0.991365,1.603712,-0.612348,H3,W8,B9,B,1,yes,3.568483,1.216886,2.243693,W_17_B_17_5_2_movie_contcar.xyz
W_17_B_17,17,17,5,3,10,3,-309.834000,-310.264516,-308.538256,1.295744,1.726260,-0.430516,H2,W8,B16,B,1,yes,3.115635,1.241307,2.336748,W_17_B_17_5_3_movie_contcar.xyz
W_17_B_17,17,17,6,0,10,3,-309.531000,-309.618903,-308.292305,1.238695,1.326598,-0.087903,H1,W9,B10,B,1,yes,3.508145,1.235500,2.252718,W_17_B_17_6_0_movie_contcar.xyz
W_17_B_17,17,17,6,1,10,3,-309.531000,-310.179244,-308.343717,1.187283,1.835527,-0.648244,H2,W9,B11,B,1,yes,3.268834,1.202061,2.273131,W_17_B_17_6_1_movie_contcar.xyz
W_17_B_17,17,17,6,2,10,4,-309.531000,-309.658724,-308.199183,1.331817,1.459541,-0.127724,H3,W9,B7,B,1,yes,3.819840,1.296374,2.366869,W_17_B_17_6_2_movie_contcar.xyz
W_17_B_17,17,17,7,0,10,4,-309.485000,-308.881348,-308.162664,1.322336,0.718684,0.603652,H1,W10,B8,B,3,yes,3.750525,1.295859,2.245847,W_17_B_17_7_0_movie_contcar.xyz
W_17_B_17,17,17,7,1,10,3,-309.485000,-308.947447,-307.357638,2.127362,1.589808,0.537553,H1,W10,B12,B,5,yes,3.942374,1.369249,2.290041,W_17_B_17_7_1_movie_contcar.xyz
W_17_B_17,17,17,7,2,10,4,-309.485000,-309.593738,-308.320457,1.164543,1.273281,-0.108738,H2,W10,B17,B,1,no,3.533687,1.213620,2.363336,W_17_B_17_7_2_movie_contcar.xyz
W_17_B_17,17,17,7,3,10,3,-309.485000,-309.238929,-307.218961,2.266039,2.019967,0.246071,H1,W10,B10,B,4,no,3.897685,1.307737,2.391431,W_17_B_17_7_3_movie_contcar.xyz
W_17_B_17,17,17,14,0,10,3,-309.684000,-309.974265,-308.669321,1.014679,1.304944,-0.290265,H3,W17,B8,B,1,yes,4.418179,1.227516,2.163924,W_17_B_17_14_0_movie_contcar.xyz
W_18_B_09,18,9,1,0,10,3,-266.305000,-266.677786,-265.902833,0.402167,0.774953,-0.372786,H3,W3,B4,B,3,no,4.452936,1.217884,2.215058,W_18_B_09_1_0_movie_contcar.xyz
W_18_B_09,18,9,1,1,10,3,-266.305000,-266.677786,-264.973119,1.331881,1.704667,-0.372786,H1,W3,B4,B,1,yes,4.240016,1.217884,2.215058,W_18_B_09_1_1_movie_contcar.xyz
W_18_B_09,18,9,2,0,10,3,-266.142000,-266.761438,-264.869875,1.272125,1.891563,-0.619438,H2,W4,B4,B,1,yes,3.825956,1.219720,2.217903,W_18_B_09_2_0_movie_contcar.xyz
W_18_B_09,18,9,2,1,10,3,-266.142000,-266.649222,-264.804598,1.337402,1.844625,-0.507222,H2,W4,B1,B,2,yes,4.050289,1.217022,2.289090,W_18_B_09_2_1_movie_contcar.xyz
W_18_B_09,18,9,4,0,10,3,-266.367000,-266.367000,-264.957546,1.409454,1.409454,0.000000,H1,W8,B5,B,1,yes,3.875039,1.416552,2.282281,W_18_B_09_4_0_movie_contcar.xyz
W_18_B_09,18,9,5,0,10,5,-266.280000,-266.609823,-265.068444,1.211556,1.541379,-0.329823,H1,W10,B2,B,2,no,3.696770,1.229633,2.201488,W_18_B_09_5_0_movie_contcar.xyz
W_18_B_09,18,9,7,0,10,3,-266.032000,-266.445352,-265.032967,0.999033,1.412385,-0.413352,H2,W12,B7,B,1,yes,3.565089,1.288733,2.237001,W_18_B_09_7_0_movie_contcar.xyz
W_18_B_09,18,9,8,0,10,4,-266.128000,-265.894055,-264.587002,1.540998,1.307053,0.233945,H3,W14,B9,B,1,yes,3.630810,1.215070,2.343121,W_18_B_09_8_0_movie_contcar.xyz
W_18_B_09,18,9,9,1,10,5,-266.101000,-266.072004,-264.920684,1.180316,1.151320,0.028996,H1,W15,B3,B,1,yes,3.315452,1.257996,2.295948,W_18_B_09_9_1_movie_contcar.xyz
W_18_B_09,18,9,10,0,10,3,-266.056000,-266.651953,-265.420752,0.635248,1.231200,-0.595953,H3,W16,B8,B,1,yes,3.398475,1.389450,2.263251,W_18_B_09_10_0_movie_contcar.xyz
W_18_B_09,18,9,10,1,10,3,-266.056000,-266.502732,-264.566369,1.489631,1.936363,-0.446732,H3,W16,B6,B,3,yes,3.984025,1.231941,2.272517,W_18_B_09_10_1_movie_contcar.xyz
W_18_B_09,18,9,15,0,10,3,-265.856000,-267.170510,-264.997329,0.858671,2.173181,-1.314510,H2,W7,W7,W,0,no,2.839667,1.878325,0.000000,W_18_B_09_15_0_movie_contcar.xyz
