cluster,site_id,E_total_eV,E_ads_NH3_eV,d_N_W_min_A,d_N_H_mean_A,angle_HNH_mean_deg
W_01_B_09,0,-78.908285,-1.55304,2.266424,1.026055,107.227566
W_01_B_16,0,-121.63856,-0.701337,2.404431,1.022593,108.043876
W_01_B_18,0,-135.13205,-1.374437,2.280965,1.022873,109.079915
W_02_B_06,0,-71.318589,-1.72089,2.250207,1.027563,107.8865
W_02_B_06,1,-71.13104,-1.533341,2.297529,1.025805,107.328065
W_02_B_08,0,-83.53196,-1.264062,2.391771,1.02442,107.454426
W_02_B_16,0,-133.89815,-0.541857,2.53314,1.020146,109.309971
W_02_B_16,1,-134.53626,-1.179967,2.412994,1.024248,106.893572
W_03_B_12,0,-121.32321,-1.763367,2.254805,1.023707,107.993304
W_07_B_20,0,-217.86153,-1.607087,2.241208,1.023556,109.048152
W_07_B_20,1,-217.66036,-1.405917,2.282318,1.023579,108.330522
W_07_B_24,0,-244.08067,-1.253227,2.272669,1.023136,107.404256
W_08_B_10,0,-163.00442,-1.594387,2.263594,1.025766,107.352083
W_08_B_10,1,-162.99051,-1.580477,2.26374,1.025308,107.39638
W_08_B_10,2,-162.68725,-1.277217,2.268169,1.022218,109.121624
W_08_B_10,3,-162.67678,-1.266747,2.279729,1.022296,108.947511
W_09_B_09,0,-166.43764,-1.508617,2.268624,1.025522,107.430487
W_09_B_09,1,-166.52948,-1.600457,2.261191,1.025669,107.508133
W_09_B_09,2,-166.50031,-1.571287,2.27338,1.025021,107.728537
W_09_B_09,3,-166.47444,-1.545417,2.266268,1.02535,107.639065
W_09_B_09,4,-166.25726,-1.328237,2.292673,1.025835,107.393641
W_09_B_09,5,-166.16632,-1.237297,2.268381,1.022392,109.080361
W_09_B_09,6,-166.10414,-1.175117,2.282392,1.022621,108.919568
W_09_B_09,7,-166.11061,-1.181587,2.290908,1.022344,109.156517
W_09_B_09,8,-166.15893,-1.229907,2.262283,1.02236,109.00051
W_09_B_20,0,-239.18124,-1.571767,2.273432,1.023939,107.66578
W_09_B_20,1,-239.25875,-1.649277,2.273507,1.023819,107.719812
W_09_B_20,2,-239.17869,-1.569217,2.278289,1.024778,107.447766
W_09_B_20,3,-238.94725,-1.337777,2.298446,1.022928,107.776324
W_09_B_20,4,-239.1403,-1.530827,2.270866,1.023371,107.62553
W_09_B_20,5,-239.05175,-1.442277,2.306026,1.023258,107.470016
W_09_B_20,6,-238.98664,-1.377167,2.295816,1.023157,107.656546
W_09_B_20,7,-238.86019,-1.250717,2.324592,1.023993,107.272624
W_09_B_22,0,-252.38338,-1.428547,2.262713,1.023787,107.988812
W_09_B_22,3,-252.37911,-1.424277,2.281137,1.023826,107.948855
W_09_B_22,4,-252.42174,-1.466907,2.287592,1.024672,107.329734
W_09_B_22,5,-252.29202,-1.337187,2.283804,1.023693,107.657159
W_09_B_22,6,-252.40047,-1.445637,2.262708,1.023824,107.553622
W_10_B_21,1,-257.26356,-1.289807,2.308942,1.024,107.688474
W_10_B_21,2,-257.38477,-1.411017,2.274233,1.023746,107.532925
W_10_B_21,3,-257.18595,-1.212197,2.286962,1.023905,107.450213
W_10_B_21,4,-257.58925,-1.615497,2.240102,1.024538,108.057595
W_10_B_21,5,-257.6426,-1.668847,2.257139,1.023744,108.054822
W_10_B_21,6,-257.18995,-1.216197,2.335963,1.024489,107.30821
W_10_B_21,7,-257.24381,-1.270057,2.255603,1.023098,108.467112
W_10_B_21,8,-257.52294,-1.549187,2.233047,1.023539,108.050526
W_11_B_22,0,-276.325,-1.458747,2.271441,1.023907,107.799303
W_11_B_22,1,-276.43658,-1.570327,2.269816,1.023539,107.892615
W_14_B_19,1,-288.46244,-1.590587,2.26402,1.02393,108.089466
W_14_B_19,3,-288.6466,-1.774747,2.242983,1.024748,107.864618
W_14_B_19,4,-288.64806,-1.776207,2.236587,1.024607,108.029471
W_14_B_19,5,-288.58439,-1.712537,2.242292,1.023764,108.207683
W_16_B_19,0,-311.68982,-1.591917,2.238407,1.02272,108.579174
W_16_B_19,1,-311.76771,-1.669807,2.230454,1.023234,108.557662
W_16_B_19,2,-311.76784,-1.669937,2.233515,1.02343,108.424238
W_16_B_19,3,-311.69074,-1.592837,2.237898,1.023214,108.54012
W_16_B_19,4,-311.70272,-1.604817,2.261525,1.023152,108.228821
W_16_B_19,5,-311.70148,-1.603577,2.261119,1.023484,108.275082
W_16_B_19,6,-311.85959,-1.761687,2.264896,1.026474,107.150074
W_17_B_02,0,-207.59686,-1.095997,2.275555,1.023671,108.222757
W_17_B_02,1,-207.88173,-1.380867,2.273371,1.024655,107.89162
W_17_B_02,2,-207.86002,-1.359157,2.2655,1.02501,107.626343
W_17_B_02,3,-207.88386,-1.382997,2.269263,1.024524,107.746345
W_17_B_02,4,-208.00225,-1.501387,2.262057,1.024758,107.751607
W_17_B_02,5,-207.94171,-1.440847,2.272484,1.024666,107.797305
W_17_B_02,6,-207.73313,-1.232267,2.268851,1.02455,108.160903
W_17_B_02,7,-207.80996,-1.309097,2.287591,1.024694,107.754341
W_17_B_02,8,-207.51947,-1.018607,2.317632,1.023616,108.201104
W_17_B_02,9,-207.69874,-1.197877,2.308384,1.025353,107.45008
W_17_B_02,10,-207.86131,-1.360447,2.292881,1.022927,107.740404
W_17_B_14,0,-290.09041,-1.454357,2.260633,1.023536,107.96662
W_17_B_14,1,-290.20612,-1.570067,2.278823,1.024727,107.583764
W_17_B_14,4,-290.3139,-1.677847,2.237999,1.025755,108.038584
W_17_B_14,5,-290.17761,-1.541557,2.261537,1.024389,107.704377
W_17_B_14,6,-290.10326,-1.467207,2.266202,1.02274,108.291508
W_17_B_14,7,-290.17752,-1.541467,2.263542,1.025654,107.732637
W_17_B_14,8,-290.12517,-1.489117,2.256694,1.023743,107.994612
W_17_B_14,10,-290.06951,-1.433457,2.279595,1.024836,107.637626
W_17_B_14,11,-290.22766,-1.591607,2.256771,1.024806,107.946355
W_17_B_14,12,-290.21488,-1.578827,2.255446,1.024788,107.69998
W_17_B_14,13,-290.05593,-1.419877,2.256348,1.024353,108.003406
W_17_B_14,14,-290.14688,-1.510827,2.277721,1.024951,107.537815
W_17_B_17,0,-309.69731,-1.458317,2.276082,1.022333,108.232642
W_17_B_17,1,-309.26931,-1.030317,2.298901,1.023698,108.043202
W_17_B_17,2,-309.71629,-1.477297,2.276297,1.024984,107.49032
W_17_B_17,3,-309.90679,-1.667797,2.246064,1.024619,107.924509
W_17_B_17,4,-309.33055,-1.091557,2.267828,1.021841,108.941567
W_17_B_17,5,-309.82538,-1.586387,2.254177,1.023936,108.21029
W_17_B_17,6,-309.52741,-1.288417,2.301035,1.023292,107.872766
W_17_B_17,7,-309.48018,-1.241187,2.282019,1.023108,108.455497
W_17_B_17,8,-309.87752,-1.638527,2.249546,1.024588,107.833058
W_17_B_17,9,-309.88518,-1.646187,2.245106,1.024634,108.158245
W_17_B_17,10,-309.81441,-1.575417,2.264512,1.025737,107.727399
W_17_B_17,11,-309.46,-1.221007,2.260392,1.022443,108.768916
W_17_B_17,12,-309.78461,-1.545617,2.273867,1.02414,107.706683
W_17_B_17,13,-309.72327,-1.484277,2.265664,1.025119,107.904948
W_17_B_17,14,-309.67512,-1.436127,2.270696,1.025011,107.925565
W_18_B_09,0,-266.06042,-1.433157,2.269692,1.024262,107.762114
W_18_B_09,1,-266.30211,-1.674847,2.247267,1.025006,107.881465
W_18_B_09,2,-266.13795,-1.510687,2.278069,1.025162,107.633894
W_18_B_09,3,-266.19043,-1.563167,2.247084,1.025212,107.920358
W_18_B_09,4,-266.04875,-1.421487,2.253661,1.025232,108.041547
W_18_B_09,5,-266.27265,-1.645387,2.24805,1.024477,107.944289
W_18_B_09,6,-266.28522,-1.657957,2.242312,1.025351,107.824161
W_18_B_09,7,-266.02611,-1.398847,2.26681,1.024464,107.97336
W_18_B_09,8,-266.12305,-1.495787,2.265321,1.022885,108.36416
W_18_B_09,9,-266.06605,-1.438787,2.257616,1.02294,108.263618
W_18_B_09,10,-266.05005,-1.422787,2.275414,1.024486,107.939743
W_18_B_09,11,-266.24788,-1.620617,2.254198,1.025983,107.801398
W_18_B_09,12,-266.18743,-1.560167,2.276364,1.024628,107.578227
W_18_B_09,13,-266.11198,-1.484717,2.25377,1.023371,108.386403
W_18_B_09,14,-266.05103,-1.423767,2.269677,1.023246,108.115854
W_18_B_09,15,-265.85122,-1.223957,2.270503,1.024378,108.134901
