cluster,site_label,anchor_element,E_ads_H_eV,d_H_host_A
W_01_B_09,B1,B,-1.344,1.199
W_01_B_09,B2,B,-1.097,1.195
W_01_B_09,B3,B,-1.097,1.196
W_01_B_09,B4,B,-0.970,1.197
W_01_B_09,W1,W,-1.049,1.762
W_01_B_16,B1,B,-0.617,1.206
W_01_B_16,B2,B,-0.617,1.205
W_01_B_16,W1,W,0.668,1.7
W_01_B_18,B1,B,-0.675,1.198
W_01_B_18,B2,B,-0.674,1.197
W_01_B_18,B3,B,-0.485,1.214
W_01_B_18,B4,B,-0.484,1.214
W_01_B_18,W1,W,0.034,1.669
W_02_B_06,B1,B,-0.957,1.204
W_02_B_06,B2,B,-0.894,1.198
W_02_B_06,B3,B,-0.858,1.207
W_02_B_06,W1,W,-0.888,1.790
W_02_B_08,B1,B,-0.731,1.212
W_02_B_08,W1,W,0.388,1.796
W_02_B_16,B1,B,-0.614,1.201
W_02_B_16,B2,B,-0.199,1.202
W_02_B_16,W1,W,-0.217,1.826
W_03_B_12,B1,B,-0.555,1.206
W_03_B_12,B2,B,-0.233,1.213
W_03_B_12,W1,W,-0.608,1.745
W_07_B_20,B1,B,-0.597,1.199
W_07_B_20,B2,B,-0.529,1.205
W_07_B_20,W1,W,0.475,1.745
W_07_B_20,W2,W,0.487,1.703
W_07_B_24,B1,B,-0.929,1.205
W_07_B_24,B2,B,-0.903,1.205
W_07_B_24,B3,B,-0.885,1.206
W_07_B_24,B4,B,-0.884,1.205
W_07_B_24,B5,B,-0.860,1.207
W_07_B_24,B6,B,-0.855,1.206
W_07_B_24,B7,B,-0.763,1.205
W_07_B_24,B8,B,-0.761,1.204
W_07_B_24,W1,W,-0.745,1.721
W_07_B_24,W2,W,-0.731,1.711
W_07_B_24,W3,W,-0.730,1.711
W_08_B_10,B1,B,-0.785,1.220
W_08_B_10,B2,B,-0.735,1.242
W_08_B_10,B3,B,-0.394,1.256
W_08_B_10,B4,B,-0.295,1.279
W_08_B_10,B5,B,-0.093,1.234
W_08_B_10,W1,W,-0.756,1.779
W_08_B_10,W2,W,-0.711,1.779
W_08_B_10,W3,W,-0.532,1.754
W_08_B_10,W4,W,-0.436,1.737
W_09_B_09,B1,B,-0.884,1.268
W_09_B_09,B2,B,-0.720,1.252
W_09_B_09,B3,B,-0.647,1.219
W_09_B_09,B4,B,-0.620,1.252
W_09_B_09,B5,B,-0.617,1.268
W_09_B_09,B6,B,-0.580,1.260
W_09_B_09,B7,B,-0.574,1.272
W_09_B_09,B8,B,-0.524,1.276
W_09_B_09,B9,B,-0.398,1.284
W_09_B_09,W1,W,-0.980,1.799
W_09_B_09,W2,W,-0.862,1.842
W_09_B_09,W3,W,-0.677,1.782
W_09_B_09,W4,W,-0.671,1.778
W_09_B_09,W5,W,-0.627,1.783
W_09_B_09,W6,W,-0.394,1.785
W_09_B_09,W7,W,-0.387,1.739
W_09_B_09,W8,W,-0.276,1.738
W_09_B_09,W9,W,-0.268,1.743
W_09_B_20,B1,B,-0.950,1.932
W_09_B_20,B2,B,-0.849,1.210
W_09_B_20,B3,B,-0.698,1.207
W_09_B_20,B4,B,-0.668,1.209
W_09_B_20,B5,B,-0.641,1.911
W_09_B_20,B6,B,-0.638,1.215
W_09_B_20,B7,B,-0.632,1.209
W_09_B_20,B8,B,-0.626,1.212
W_09_B_20,B9,B,-0.623,1.207
W_09_B_20,B10,B,-0.582,1.218
W_09_B_20,B11,B,-0.547,1.208
W_09_B_20,B12,B,-0.529,1.224
W_09_B_20,B13,B,-0.428,1.227
W_09_B_20,B14,B,-0.419,1.214
W_09_B_20,B15,B,-0.414,1.227
W_09_B_20,B16,B,-0.315,1.320
W_09_B_20,B17,B,-0.315,1.370
W_09_B_20,B18,B,-0.178,1.233
W_09_B_20,W1,W,-0.985,1.781
W_09_B_20,W2,W,-0.950,1.930
W_09_B_20,W3,W,-0.916,1.781
W_09_B_20,W4,W,-0.901,1.776
W_09_B_20,W5,W,-0.786,1.751
W_09_B_20,W6,W,-0.578,1.774
W_09_B_20,W7,W,-0.548,1.763
W_09_B_20,W8,W,-0.508,1.761
W_09_B_22,B1,B,-1.245,1.206
W_09_B_22,B2,B,-0.941,1.206
W_09_B_22,B3,B,-0.908,1.208
W_09_B_22,B4,B,-0.895,1.212
W_09_B_22,B5,B,-0.858,1.207
W_09_B_22,B6,B,-0.857,1.207
W_09_B_22,B7,B,-0.815,1.209
W_09_B_22,B8,B,-0.800,1.296
W_09_B_22,B9,B,-0.784,1.207
W_09_B_22,B10,B,-0.706,1.212
W_09_B_22,B11,B,-0.683,1.220
W_09_B_22,B12,B,-0.640,1.209
W_09_B_22,B13,B,-0.592,1.209
W_09_B_22,B14,B,-0.559,1.219
W_09_B_22,B15,B,-0.519,1.208
W_09_B_22,B16,B,-0.442,1.217
W_09_B_22,B17,B,-0.432,1.205
W_09_B_22,B18,B,-0.429,1.208
W_09_B_22,B19,B,-0.388,1.215
W_09_B_22,B20,B,-0.366,1.208
W_09_B_22,B21,B,-0.307,1.217
W_09_B_22,B22,B,-0.175,1.230
W_09_B_22,W1,W,-0.843,1.769
W_09_B_22,W2,W,-0.771,1.745
W_09_B_22,W3,W,-0.741,1.739
W_09_B_22,W4,W,-0.735,1.740
W_09_B_22,W5,W,-0.723,1.748
W_09_B_22,W6,W,-0.603,1.735
W_09_B_22,W7,W,-0.555,1.755
W_09_B_22,W8,W,-0.491,1.729
W_10_B_21,B1,B,-0.897,1.210
W_10_B_21,B2,B,-0.755,1.211
W_10_B_21,B3,B,-0.722,1.207
W_10_B_21,B4,B,-0.688,1.206
W_10_B_21,B5,B,-0.686,1.208
W_10_B_21,B6,B,-0.672,1.208
W_10_B_21,B7,B,-0.669,1.216
W_10_B_21,B8,B,-0.667,1.208
W_10_B_21,B9,B,-0.612,1.207
W_10_B_21,B10,B,-0.590,1.207
W_10_B_21,B11,B,-0.571,1.209
W_10_B_21,B12,B,-0.560,1.212
W_10_B_21,B13,B,-0.535,1.208
W_10_B_21,B14,B,-0.490,1.210
W_10_B_21,B15,B,-0.481,1.208
W_10_B_21,B16,B,-0.463,1.222
W_10_B_21,B17,B,-0.361,1.211
W_10_B_21,B18,B,-0.304,1.218
W_10_B_21,B19,B,-0.169,1.217
W_10_B_21,B20,B,-0.160,1.216
W_10_B_21,B21,B,-0.160,1.274
W_10_B_21,W1,W,-0.820,1.758
W_10_B_21,W2,W,-0.786,1.733
W_10_B_21,W3,W,-0.772,1.743
W_10_B_21,W4,W,-0.723,1.754
W_10_B_21,W5,W,-0.673,1.782
W_10_B_21,W6,W,-0.623,1.745
W_10_B_21,W7,W,-0.534,1.729
W_10_B_21,W8,W,-0.248,1.716
W_10_B_21,W9,W,-0.215,1.791
W_11_B_22,B1,B,-0.783,1.200
W_11_B_22,B2,B,-0.437,1.205
W_11_B_22,B3,B,-0.432,1.203
W_11_B_22,B4,B,-0.324,1.354
W_11_B_22,B5,B,-0.187,1.238
W_11_B_22,B6,B,-0.187,1.212
W_11_B_22,B7,B,-0.186,1.212
W_11_B_22,B8,B,-0.185,1.213
W_11_B_22,B9,B,-0.121,1.223
W_11_B_22,W1,W,-0.690,1.753
W_11_B_22,W2,W,-0.553,1.754
W_11_B_22,W3,W,-0.553,1.755
W_14_B_19,B1,B,-1.268,1.323
W_14_B_19,B2,B,-1.236,1.323
W_14_B_19,B3,B,-1.073,1.328
W_14_B_19,B4,B,-1.048,1.340
W_14_B_19,B5,B,-0.936,1.364
W_14_B_19,B6,B,-0.708,1.325
W_14_B_19,B7,B,-0.649,1.324
W_14_B_19,B8,B,-0.598,1.322
W_14_B_19,B9,B,-0.533,1.320
W_14_B_19,B10,B,-0.480,1.350
W_14_B_19,B11,B,-0.386,1.230
W_14_B_19,B12,B,-0.067,1.217
W_14_B_19,W1,W,-1.465,1.771
W_14_B_19,W2,W,-1.392,1.770
W_14_B_19,W3,W,-0.868,1.755
W_14_B_19,W4,W,-0.579,1.761
W_14_B_19,W5,W,-0.553,1.761
W_14_B_19,W6,W,-0.201,1.225
W_16_B_19,B1,B,-0.853,1.352
W_16_B_19,B2,B,-0.806,1.359
W_16_B_19,B3,B,-0.702,1.343
W_16_B_19,B4,B,-0.476,1.313
W_16_B_19,B5,B,-0.058,1.420
W_16_B_19,B6,B,-0.058,1.355
W_16_B_19,B7,B,-0.057,1.354
W_16_B_19,B8,B,-0.019,1.383
W_16_B_19,B9,B,0.079,1.219
W_16_B_19,W1,W,-1.107,1.787
W_16_B_19,W2,W,-0.727,1.751
W_16_B_19,W3,W,-0.726,1.751
W_16_B_19,W4,W,-0.702,1.751
W_16_B_19,W5,W,-0.643,1.765
W_16_B_19,W6,W,-0.643,1.766
W_16_B_19,W7,W,-0.106,1.353
W_17_B_02,B1,B,0.120,1.243
W_17_B_02,W1,W,-0.899,1.865
W_17_B_02,W2,W,-0.898,1.863
W_17_B_02,W3,W,-0.865,1.964
W_17_B_02,W4,W,-0.756,1.774
W_17_B_02,W5,W,-0.754,1.781
W_17_B_02,W6,W,-0.735,1.782
W_17_B_02,W7,W,-0.733,1.787
W_17_B_02,W8,W,-0.727,1.774
W_17_B_02,W9,W,-0.726,1.772
W_17_B_02,W10,W,-0.602,1.904
W_17_B_02,W11,W,-0.596,1.775
W_17_B_02,W12,W,-0.568,1.780
W_17_B_02,W13,W,-0.555,1.780
W_17_B_02,W14,W,-0.530,1.789
W_17_B_02,W15,W,-0.294,1.785
W_17_B_14,B1,B,-0.920,1.916
W_17_B_14,B2,B,-0.842,1.921
W_17_B_14,B3,B,-0.649,1.296
W_17_B_14,B4,B,-0.452,1.221
W_17_B_14,B5,B,-0.402,1.230
W_17_B_14,B6,B,-0.254,1.222
W_17_B_14,B7,B,-0.219,1.226
W_17_B_14,B8,B,-0.206,1.223
W_17_B_14,B9,B,-0.190,1.228
W_17_B_14,B10,B,-0.149,1.217
W_17_B_14,B11,B,-0.043,1.353
W_17_B_14,B12,B,-0.005,1.225
W_17_B_14,B13,B,0.043,1.309
W_17_B_14,B14,B,0.061,1.241
W_17_B_14,W1,W,-0.991,1.925
W_17_B_14,W2,W,-0.979,1.772
W_17_B_14,W3,W,-0.972,1.782
W_17_B_14,W4,W,-0.953,1.778
W_17_B_14,W5,W,-0.929,1.926
W_17_B_14,W6,W,-0.887,1.855
W_17_B_14,W7,W,-0.873,1.767
W_17_B_14,W8,W,-0.856,1.748
W_17_B_14,W9,W,-0.849,1.765
W_17_B_14,W10,W,-0.849,1.899
W_17_B_14,W11,W,-0.827,1.766
W_17_B_14,W12,W,-0.776,1.958
W_17_B_14,W13,W,-0.756,1.777
W_17_B_14,W14,W,-0.741,1.772
W_17_B_14,W15,W,-0.725,1.777
W_17_B_14,W16,W,-0.695,1.778
W_17_B_17,B1,B,-1.188,1.915
W_17_B_17,B2,B,-0.780,1.261
W_17_B_17,B3,B,-0.701,1.213
W_17_B_17,B4,B,-0.607,1.217
W_17_B_17,B5,B,-0.592,1.215
W_17_B_17,B6,B,-0.584,1.289
W_17_B_17,B7,B,-0.579,1.213
W_17_B_17,B8,B,-0.446,1.250
W_17_B_17,B9,B,-0.388,1.231
W_17_B_17,B10,B,-0.285,1.309
W_17_B_17,B11,B,-0.233,1.226
W_17_B_17,B12,B,-0.129,1.290
W_17_B_17,B13,B,-0.122,1.327
W_17_B_17,B14,B,-0.080,1.221
W_17_B_17,B15,B,-0.073,1.228
W_17_B_17,B16,B,-0.012,1.226
W_17_B_17,B17,B,0.020,1.235
W_17_B_17,W1,W,-1.148,1.901
W_17_B_17,W2,W,-1.125,1.865
W_17_B_17,W3,W,-0.904,1.929
W_17_B_17,W4,W,-0.896,1.892
W_17_B_17,W5,W,-0.895,1.782
W_17_B_17,W6,W,-0.831,1.921
W_17_B_17,W7,W,-0.803,1.883
W_17_B_17,W8,W,-0.742,1.763
W_17_B_17,W9,W,-0.739,1.759
W_17_B_17,W10,W,-0.724,1.785
W_17_B_17,W11,W,-0.721,1.756
W_17_B_17,W12,W,-0.596,1.780
W_17_B_17,W13,W,-0.596,1.761
W_17_B_17,W14,W,-0.514,1.760
W_17_B_17,W15,W,-0.481,1.757
W_17_B_17,W16,W,-0.459,1.262
W_17_B_17,W17,W,-0.361,1.735
W_18_B_09,B1,B,-1.218,1.890
W_18_B_09,B2,B,-0.403,1.220
W_18_B_09,B3,B,-0.379,1.230
W_18_B_09,B4,B,-0.334,1.379
W_18_B_09,B5,B,-0.299,1.234
W_18_B_09,B6,B,-0.275,1.216
W_18_B_09,B7,B,-0.202,1.226
W_18_B_09,B8,B,-0.177,1.375
W_18_B_09,B9,B,-0.157,1.223
W_18_B_09,W1,W,-1.374,1.897
W_18_B_09,W2,W,-1.203,1.887
W_18_B_09,W3,W,-1.192,1.916
W_18_B_09,W4,W,-1.134,1.909
W_18_B_09,W5,W,-0.956,1.775
W_18_B_09,W6,W,-0.955,1.891
W_18_B_09,W7,W,-0.954,1.781
W_18_B_09,W8,W,-0.931,1.789
W_18_B_09,W9,W,-0.898,1.772
W_18_B_09,W10,W,-0.812,1.769
W_18_B_09,W11,W,-0.790,1.767
W_18_B_09,W12,W,-0.777,1.771
W_18_B_09,W13,W,-0.762,1.759
W_18_B_09,W14,W,-0.760,1.774
W_18_B_09,W15,W,-0.757,1.770
W_18_B_09,W16,W,-0.583,1.759
