m_W,0,1,2,3,4,5,6,7,8,9,10,11,12,13,14,15,16,17,18,19,20,21,22,23,24,25
0,0.0,0.0,3.36,7.295,6.369999999999999,5.357000000000003,6.866,5.611999999999998,6.634999999999998,5.472000000000001,7.481999999999999,5.876000000000005,6.790999999999997,5.456999999999994,6.167000000000002,7.9950000000000045,3.6239999999999952,5.3870000000000005,5.1299999999999955,4.529000000000011,6.616,4.381,5.359999999999999,4.170000000000016,6.096000000000004,3.1820000000000164
1,0.0,7.1928,7.1229,6.108699999999999,6.552500000000002,5.606299999999997,6.781800000000004,6.092799999999997,6.5319,7.175600000000003,6.4853999999999985,6.185699999999997,6.636200000000002,6.153000000000006,5.990199999999987,6.281700000000001,7.049600000000012,5.923299999999998,7.09129999999999,5.4658000000000015,7.205500000000015,5.60929999999999,6.325700000000012,5.253299999999996,6.7128999999999905,5.164199999999994
2,15.253,4.920999999999999,5.836300000000001,5.669499999999999,6.412199999999999,5.651900000000005,7.019299999999994,5.9666,6.755299999999998,6.111500000000007,7.070799999999991,6.010400000000004,6.755200000000002,6.287099999999995,6.221500000000006,6.4148,7.5390000000000015,5.232399999999998,6.141599999999997,6.0523000000000025,6.268100000000004,6.2143999999999835,6.286000000000001,5.6601,6.3385000000000105,6.15379999999999
3,9.225000000000001,6.213699999999999,6.750299999999999,5.7242999999999995,6.558,6.227200000000003,6.2575999999999965,6.586099999999995,6.4054,6.762600000000006,6.849000000000004,6.935000000000002,6.956399999999988,5.176200000000009,6.872799999999998,6.318399999999997,6.314300000000003,6.097499999999997,6.120800000000003,6.198599999999999,6.406800000000004,6.902500000000003,5.889899999999983,5.14670000000001,7.001200000000011,6.4488999999999805
4,4.3969999999999985,5.939,6.680100000000003,6.220499999999994,6.6297,5.945700000000002,6.585099999999997,6.254800000000003,7.353300000000004,6.0398,5.984099999999998,7.219799999999992,6.974300000000014,6.19019999999999,6.214100000000002,5.801099999999991,7.131599999999992,5.875799999999998,6.987499999999983,6.3115999999999985,5.219900000000024,6.5072999999999865,6.2089,6.514999999999986,6.2187000000000126,6.814300000000003
5,6.076999999999998,6.412600000000005,5.829500000000003,6.935999999999993,5.945599999999999,5.14500000000001,6.859100000000012,6.959800000000001,5.838899999999995,5.849099999999993,4.698399999999992,5.83829999999999,5.819200000000009,6.37469999999999,6.170000000000016,6.030899999999974,7.029199999999975,7.469400000000007,6.162599999999998,5.246600000000001,5.681000000000012,7.2520999999999844,7.120999999999981,5.365200000000016,4.733399999999989,8.775100000000009
6,6.564,6.32,7.5042999999999935,5.435100000000006,6.979199999999992,6.118400000000008,6.704999999999998,5.786900000000003,6.091799999999992,6.517099999999999,6.5274,6.560900000000018,6.632800000000003,6.6255999999999915,6.4084,6.211899999999986,6.67410000000001,7.564799999999991,6.144200000000012,5.455299999999994,6.8603999999999985,6.385099999999994,6.668500000000023,5.737299999999976,11.341700000000003,4.4839000000000055
7,6.2010000000000005,6.385400000000004,6.367900000000006,6.845600000000005,5.7771999999999935,6.76100000000001,6.41579999999999,6.474399999999989,6.4422,6.785000000000011,6.1980000000000075,6.814899999999994,7.519299999999987,6.796500000000009,5.245499999999993,6.65870000000001,7.9313999999999965,6.031199999999984,6.684900000000027,5.415099999999995,8.562799999999982,4.502700000000004,7.018000000000001,8.629099999999994,8.076400000000007,2.2177000000000078
8,6.587000000000003,6.276200000000003,5.562200000000004,5.871099999999998,5.984000000000009,5.801299999999998,5.915000000000006,6.409699999999987,6.8097000000000065,6.030699999999996,8.306799999999981,6.246600000000001,6.642300000000006,7.293900000000008,6.1089000000000055,6.1200999999999794,7.122100000000017,6.8947,5.94459999999998,6.893000000000001,6.023900000000026,6.859999999999985,5.993500000000012,8.465699999999998,4.192900000000037,5.309799999999996
9,6.704999999999998,6.5101999999999975,6.071799999999996,5.849400000000003,6.218800000000002,6.339999999999989,6.446300000000008,6.29800000000003,6.4084,7.3405999999999665,6.193200000000019,7.0146000000000015,6.801899999999989,6.697599999999994,7.251500000000021,6.448399999999992,6.424000000000007,7.182699999999983,6.396100000000018,5.697999999999979,7.351300000000009,5.185999999999979,8.5582,4.816200000000009,3.921999999999997,6.321499999999986
10,5.834999999999994,6.011099999999999,5.709599999999995,6.326400000000007,6.344399999999993,6.057700000000011,6.574699999999979,6.559899999999999,6.393500000000017,7.025999999999982,5.947599999999994,6.769999999999982,7.528400000000005,5.629500000000007,7.318299999999994,6.9176000000000215,6.3837999999999795,7.249200000000002,5.933899999999994,6.75660000000002,5.834499999999991,8.735500000000002,4.646500000000003,7.037199999999984,5.632000000000005,6.414699999999982
11,6.188000000000002,6.044300000000007,6.765000000000001,6.561000000000007,6.246600000000001,6.43180000000001,7.112600000000015,6.635699999999986,7.1813000000000216,6.633299999999991,6.447599999999994,6.511300000000006,7.3434999999999775,5.907000000000011,7.268599999999992,6.573200000000014,5.0338999999999885,5.116800000000012,7.334499999999963,3.81880000000001,5.626399999999961,5.342500000000001,8.71629999999999,2.100900000000024,3.142600000000016,3.9676000000000045
12,6.609999999999999,6.768599999999992,6.190899999999999,6.947700000000026,6.409300000000002,7.099999999999994,6.555599999999998,7.819400000000002,5.859000000000009,7.1107000000000085,6.540999999999997,6.4961999999999875,5.346499999999992,8.081199999999995,7.983599999999996,4.827699999999993,5.370100000000008,4.554100000000034,6.2067000000000405,6.709199999999981,5.701400000000007,4.871499999999969,5.6743999999999915,4.210300000000018,4.715300000000013,6.850999999999999
13,6.410999999999987,6.338099999999997,6.744,6.526700000000005,7.4983,6.4635000000000105,6.643599999999992,6.857399999999984,6.978200000000015,6.598899999999986,6.514400000000023,6.916199999999975,7.2952000000000226,6.424299999999988,5.996400000000023,5.748299999999972,7.449100000000016,7.198900000000009,6.0353999999999814,6.53570000000002,5.934399999999982,6.867600000000039,3.038400000000024,3.106800000000021,5.1281999999999925,6.122799999999984
14,6.7549999999999955,6.346000000000004,6.77109999999999,7.174900000000008,6.985899999999987,7.391500000000008,6.016899999999993,5.909899999999993,6.869200000000006,6.568100000000015,6.868200000000002,7.160699999999991,5.984800000000007,6.186099999999982,4.712700000000012,6.0608,7.034399999999977,6.627900000000039,7.47139999999996,7.786800000000028,3.8648999999999774,7.392600000000016,4.546800000000019,5.823800000000006,5.352899999999977,7.360000000000014
15,6.150000000000034,7.064200000000028,6.90979999999999,6.947900000000004,6.970300000000009,5.930900000000008,6.984800000000007,6.551500000000004,6.45750000000001,6.794899999999984,6.464100000000002,7.454200000000014,6.080200000000019,5.9084,5.424199999999985,7.626900000000006,5.5663000000000125,6.111100000000022,8.549499999999966,5.0937999999999874,4.821600000000046,6.661200000000008,6.630799999999965,4.878300000000024,6.987699999999961,6.095300000000009
16,7.367999999999995,7.309000000000026,6.583499999999987,6.356699999999989,7.188900000000018,6.496299999999991,5.746700000000004,7.309000000000026,6.544099999999986,6.9101,7.157000000000011,7.250200000000007,7.716099999999983,6.184200000000004,7.813200000000023,6.419199999999989,6.258800000000008,7.492899999999963,5.548900000000003,7.977100000000007,6.54770000000002,5.021999999999991,7.720700000000022,6.975899999999967,6.673400000000015,6.0423000000000116
17,8.170000000000016,6.266399999999976,8.094100000000026,6.197599999999994,6.333499999999987,7.2745000000000175,6.2757000000000005,6.530599999999993,7.896899999999988,7.163900000000012,6.310200000000009,7.689399999999978,6.887399999999985,7.499500000000012,7.199800000000039,5.621600000000001,6.444999999999993,7.735500000000002,5.2035999999999945,7.191599999999994,6.2017999999999915,7.29019999999997,5.995200000000011,8.196100000000001,5.219800000000021,7.394499999999994
18,7.026000000000039,5.638599999999997,5.638999999999982,6.5214,6.216000000000008,6.231099999999998,6.8977999999999895,7.336600000000004,7.589300000000009,7.178100000000001,6.054699999999997,7.851600000000019,7.157899999999984,6.142499999999984,6.774400000000014,6.583199999999977,6.952200000000005,5.766599999999983,7.7087999999999965,7.165500000000009,5.437299999999993,6.432200000000023,6.794199999999989,6.946900000000028,6.639599999999973,7.505300000000034
19,6.391999999999996,6.878399999999999,5.725500000000011,6.29019999999997,7.131000000000029,6.717799999999983,6.843400000000003,7.206099999999992,7.068899999999985,6.365700000000004,7.309599999999989,6.9839000000000055,7.168799999999976,6.1954000000000065,5.74109999999996,6.264400000000023,6.894999999999982,7.4950000000000045,7.7601999999999975,4.885600000000011,7.588499999999954,5.367500000000007,7.327300000000037,6.74879999999996,6.306500000000028,6.19580000000002
20,6.342999999999961,6.983300000000014,6.227699999999999,7.359799999999979,6.713400000000007,6.0976,7.885600000000011,7.796100000000024,5.8881000000000085,6.929699999999968,5.4646999999999935,6.940499999999986,6.640199999999993,6.549500000000023,6.653700000000015,6.388099999999952,7.0271999999999935,6.852100000000007,6.852100000000007,6.369399999999985,6.185900000000004,8.311800000000005,7.055499999999995,5.242799999999988,6.566400000000044,6.890800000000013
