m_W,1,2,3,4,5,6,7,8,9,10,11,12,13,14,15,16,17,18,19,20,21,22,23,24
1,-5.788399999999999,-0.738900000000001,-1.4860000000000042,-1.7613999999999947,-1.5577000000000112,-2.0382999999999925,-1.4313000000000073,-1.7578000000000031,0.6902000000000044,-0.5720999999999776,-0.45050000000000523,-0.3609000000000151,0.1628000000000327,-0.2915000000000134,-2.053500000000014,0.8826999999999998,-1.167999999999978,1.6254999999999882,-1.7396999999999991,1.5962000000000103,-0.7164000000000215,1.072400000000016,-1.459600000000023,1.5486999999999966
2,-0.915300000000002,0.16680000000000206,-1.3409000000000049,0.6791999999999945,-1.526299999999992,1.21159999999999,-0.7886999999999915,0.6437999999999988,-0.9592999999999847,0.386099999999999,-0.7447999999999979,-0.7959999999999923,0.06559999999998922,-0.1932999999999936,-1.1242000000000019,1.9726,-0.9091999999999985,-0.512299999999982,-0.21580000000000155,-1.1481999999999744,-1.2312000000000012,-0.8747999999999934,-0.6784000000000106,-0.9916999999999803
3,-0.5366,0.8276000000000039,-0.8337000000000074,-0.1379000000000019,-0.030400000000000205,-0.5291999999999888,0.18070000000000164,-0.8762000000000114,-0.08639999999999759,-0.08599999999998431,-0.021399999999999864,1.7801999999999794,-1.6965999999999894,0.5543999999999869,0.004099999999993997,-0.9190000000000111,-0.023300000000006094,-0.7196999999999889,-0.6863999999999919,-0.49569999999999936,1.0126000000000204,0.7432000000000016,-1.85450000000003,0.5523000000000025
4,-0.3170000000000073,0.12570000000000903,-0.40919999999999845,0.6621999999999986,-0.6393999999999949,0.32389999999998054,-1.0985000000000014,1.3135000000000048,0.05570000000000164,-1.2357000000000085,-0.02790000000001669,0.027000000000015234,-0.02390000000002601,0.2418999999999869,-1.777400000000057,1.0214000000000283,-1.1116999999999848,0.675899999999956,1.0916999999999462,-1.287399999999991,-0.8497000000000412,-1.442799999999977,0.2962999999999738,-0.5955999999999904
5,0.30859999999999843,-1.8004999999999995,0.4158999999999935,-1.3017999999999859,-3.07589999999999,-0.8257999999999868,1.0520999999999958,-1.1753999999999962,-1.8415000000000248,-2.956400000000002,-0.6947000000000116,-0.8405999999999949,-0.9069999999999823,-1.1895000000000095,-1.2782000000000266,-0.761099999999999,0.7370999999999981,-0.0694000000000301,-1.3430999999999926,-2.061399999999992,-0.17480000000000473,1.189799999999991,-0.33209999999996853,-8.425700000000006
6,-1.443399999999997,2.3282999999999845,-1.544099999999986,0.8607999999999834,-0.5866000000000042,0.9180999999999813,-0.7650999999999897,0.03489999999999327,-0.010300000000000864,-0.14090000000001623,-0.37789999999995416,-0.26559999999994943,-0.18559999999996535,0.19650000000001455,-0.4621999999999957,-0.9494000000000256,0.6795999999999935,0.12049999999999272,-1.4051000000000045,-0.15360000000003993,-0.28340000000002874,-0.07759999999996126,-5.604400000000055,6.8577999999999975
7,0.11519999999998731,-1.6947999999999865,1.3899999999999864,-0.9997999999999934,0.3452000000000055,-0.22400000000001796,0.05310000000000059,-0.3428000000000111,0.5869999999999891,-1.54159999999996,-0.8267000000000166,0.523399999999981,0.19690000000002783,-1.829400000000021,-1.2726999999999862,1.2226,-1.1745000000000232,0.10650000000003956,-3.147699999999986,2.8296999999999457,-2.515299999999968,-1.611099999999965,0.5526999999999589,2.761699999999962
8,-0.5062000000000069,0.9113000000000113,-1.241199999999992,0.6928000000000054,-1.0067999999999984,-0.3072999999999979,-0.41420000000002233,0.3228000000000293,-2.480200000000025,2.2642999999999915,-0.3956999999999766,-0.6516000000000304,1.1850000000000023,-0.011199999999973898,-1.0020000000000664,-0.023899999999969168,0.5516000000000645,-0.9484000000000492,0.8691000000000031,-2.2432999999999765,0.8664999999999736,-2.4721999999999866,1.6849000000000274,-2.490799999999979
9,0.46709999999998786,-0.7590000000000146,0.6119999999999948,-0.7461999999999875,0.2878999999999792,0.17509999999998627,-0.20559999999994716,-1.1646000000000072,1.523999999999944,-1.12439999999998,-0.4107999999999379,-0.9776999999999703,-0.5538999999999987,0.45270000000004984,0.024400000000014188,-0.7586999999999762,-0.12459999999998672,0.6981000000000108,-2.063000000000045,2.199099999999987,-3.3722000000000207,3.4519999999999413,-2.960199999999986,-1.1877999999999815
10,-0.6144999999999925,-0.5169999999999959,-0.9987999999999886,0.5017999999999745,-0.8692999999999529,-0.7167999999999779,-0.5797000000000025,-1.3285999999999945,-1.6270999999999844,-0.12849999999997408,-0.45940000000001646,1.290300000000002,-1.8059999999999832,-0.40300000000002,0.41060000000004493,-0.8654000000000224,1.3152999999999793,-0.8227000000000544,0.9221000000000572,-2.9010000000000105,4.088999999999999,-4.24430000000001,1.9469000000000278,-0.7826999999999771
11,-0.3973000000000013,0.16569999999998686,0.3802000000000021,-0.6239999999999668,-0.5499000000000365,0.44750000000004775,-0.6604000000000383,0.5480000000000587,0.1856999999999971,-0.2348999999999819,-0.9368999999999801,0.7067000000000121,-2.060200000000009,-0.9577000000000453,0.4433999999999969,-1.262299999999982,-2.3175999999999704,1.5301000000000045,-4.848000000000013,-0.5197000000000003,-6.149099999999976,7.011700000000019,-2.300799999999981,-5.171299999999974
12,0.577699999999993,-0.7568000000000552,-0.011499999999955435,-0.5606000000000222,0.5228999999999928,-1.2638000000000034,1.9332999999999743,-1.251700000000028,0.48099999999999454,0.04480000000000928,0.16589999999996508,-2.8098999999999705,0.38060000000001537,3.155899999999974,-0.5424000000000433,-1.3951000000000136,-2.3349999999999795,-1.8111999999999284,1.5577000000000112,-1.329499999999939,1.3069999999999027,-4.101200000000063,-0.2966999999999871,-2.4133999999999105
13,-0.8445000000000391,0.571200000000033,-0.9716000000000236,0.8933000000000106,-0.6711999999999989,-0.213799999999992,-0.47469999999998436,0.3793000000000575,0.08189999999996189,-0.40179999999992333,-0.3790000000000191,0.870900000000006,0.19369999999997844,-2.3068999999999846,-1.1240000000000236,0.25020000000000664,1.163499999999999,-0.5003000000000384,-1.7291000000000167,-1.032000000000039,-0.20339999999987413,0.46289999999999054,-2.8893000000000484,0.4097000000000435
14,-0.41149999999998954,-0.5548000000000002,0.21050000000002456,-0.4056000000000495,1.3745999999999867,-0.3967000000000098,-0.455600000000004,-0.2909000000000219,-0.3086999999999307,-0.2925000000000182,0.22860000000002856,-1.1772000000000276,0.08400000000000318,0.2411000000000172,-1.003499999999974,0.049899999999922784,-1.1748999999999796,-0.8170000000000073,3.1271000000000413,-3.8138000000000147,0.9347999999999956,-2.4827000000000226,1.2113000000000511,-1.4519999999999982
15,-1.3670000000000186,-0.6651999999999703,-0.3224999999999909,-0.22210000000001173,-2.248100000000022,0.36969999999996617,-0.3358000000000061,-0.23550000000000182,-0.03170000000000073,-1.1616999999999962,-0.2880000000000109,-1.8285000000000196,-2.7151999999999816,-5.222600000000057,-1.0781000000000631,-3.2386999999999944,-2.796100000000024,1.2826000000000022,-4.293700000000058,-5.063099999999963,-2.649599999999964,-1.3237000000000307,-6.033699999999953,-1.7431000000000267
16,0.7255000000000109,0.2267999999999688,-0.8322000000000003,0.6926000000000272,0.7495999999999867,-1.6481999999999744,0.5415000000000418,-1.024000000000001,-1.3040000000000305,-0.09320000000002437,-0.5790999999999258,1.5318999999999505,-1.629000000000019,1.3940000000000055,0.16039999999998145,-1.2341000000000122,1.94399999999996,-2.428199999999947,1.429399999999987,1.525700000000029,-2.6987000000000307,0.7448000000000548,0.3025000000000091,0.6311000000000604
17,-1.8277000000000498,1.89650000000006,-0.13589999999999236,-0.9410000000000309,0.998800000000017,-0.25490000000002055,-1.3663000000000238,0.7330000000000041,0.8537000000000035,-1.379199999999969,0.8019999999999641,-0.6121000000000549,0.29970000000002983,1.578200000000038,-0.8233999999999924,-1.2904999999999518,2.0631000000000768,-1.9880000000000564,-1.546799999999962,-1.1281999999999925,1.294999999999959,-2.2008999999999332,1.5940999999999121,-2.17470000000003
18,-0.6623000000000161,-2.152500000000032,-0.6342000000000212,-0.375,-1.4879999999999995,-0.8115000000000236,-0.2400000000000091,0.3632000000000062,1.1234000000000037,-1.7969000000000506,0.35410000000001673,0.613700000000108,-1.030399999999986,-0.8985000000000127,-0.3690000000000282,0.8851999999999407,-3.6526000000000067,-1.1988000000000056,1.05499999999995,-1.8607000000000653,-1.6539999999999964,-1.0538999999999987,-1.7415999999999485,-0.8657000000000608
19,0.009900000000016007,0.05330000000003565,-0.43540000000001555,0.3129999999999882,0.017899999999997362,-0.362700000000018,-0.5217999999999847,0.13859999999993988,-1.7228999999999814,0.0013999999999896318,-0.3106999999999971,0.011399999999980537,-0.315900000000056,-0.022700000000099863,-0.6916999999999689,-1.3794000000000324,0.5752999999999702,2.8745999999999867,-2.7028999999999996,2.2210000000000036,-1.959799999999973,0.4133000000000493,0.44229999999993197,0.1107000000000653
